"predictionThreshold","PersonCountAtRisk","PersonCountWithOutcome","averagePredictedProbability","StDevPredictedProbability","MinPredictedProbability","P25PredictedProbability","MedianPredictedProbability","P75PredictedProbability","MaxPredictedProbability","observedIncidence","evaluation"
0,8,0,0.00121823451808939,9.23289758385571e-05,0.00106714148652054,0.00117700413582551,0.00124461091349216,0.0012898859888007,0.0013062722295936,0,"Test"
0.001311560954599,8,0,0.00141667806049295,6.16198141522114e-05,0.00131416584900465,0.00138241158714544,0.00140970509131403,0.001471445438032,0.00148951029148666,0,"Test"
0.00148964337972521,8,0,0.00157645017003227,5.82709329404745e-05,0.00148990172748239,0.0015270936325707,0.00159200833893812,0.00161043540388937,0.00166528661531334,0,"Test"
0.00166535293626246,7,0,0.0017652462087834,5.75867007403292e-05,0.00167191871022525,0.00172743893494566,0.00177937335100251,0.00181425912208551,0.00182203528619372,0,"Test"
0.001833973945125,8,0,0.00192267515171994,6.58269716092626e-05,0.00183959213756325,0.00187954600464636,0.0019201513570235,0.00195027327052077,0.00203719740338424,0,"Test"
0.00204129371025143,8,0,0.002164717326067,6.30553870874067e-05,0.0020489011372905,0.0021212389799764,0.00219309534638794,0.00220164937187531,0.00223298831767897,0,"Test"
0.00223318600912658,7,0,0.00233167868355533,7.53309289882719e-05,0.00224287289005939,0.00226145679222927,0.002356691114644,0.0023860917740998,0.00242708964752576,0,"Test"
0.00249136031839185,8,0,0.00269167677387295,0.000159448594881564,0.00252023554733169,0.0026033638266051,0.00264721646122586,0.00272633989353308,0.0029889322426653,0,"Test"
0.00301176132460728,8,0,0.00581555277216803,0.00347490718203097,0.0030523463591708,0.00327101587152601,0.0036704464865486,0.00888545774715159,0.010756243190741,0,"Test"
0.0107563905990285,7,0,0.0112344643141078,0.000311440105551329,0.0107611568003237,0.0110708967453601,0.0112941332776803,0.0113870217475892,0.0116701231348524,0,"Test"
0.0116881884267787,8,0,0.011915586578376,0.000193941841577511,0.0116959306947472,0.0117736947428605,0.0119102247324972,0.0120025747163748,0.0122897941933234,0,"Test"
0.0123074863491361,8,0,0.0124746747003565,0.000102622441786861,0.0123376108306549,0.012424240768638,0.0124497910162776,0.0125189336233564,0.0126591548582896,0,"Test"
0.0126612680133935,7,0,0.0129912447194927,0.000220937321157157,0.0127119837358883,0.0128076828186147,0.0129980456813652,0.013178817137835,0.0132556837062963,0,"Test"
0.0132741662062017,8,1,0.0133959780971875,7.00229609697847e-05,0.013281715396304,0.0133545531255657,0.0134000871356475,0.0134245573018334,0.0134940821635939,0.125,"Test"
0.0135352477967706,8,0,0.0138014509952782,0.000143771210556232,0.0136024127772168,0.0137064828356721,0.0138361861310466,0.0139009016468984,0.0139811593825699,0,"Test"
0.0139831937620924,7,0,0.0141630123114849,9.94808303425985e-05,0.0140218469730199,0.0140971413018556,0.0141912565017128,0.0142338211752254,0.0142660577514991,0,"Test"
0.01427540027274,8,0,0.0145146702724609,0.000121966219680936,0.0142790334754447,0.0144866692793897,0.0145486453970907,0.0145728605435602,0.0146772962764993,0,"Test"
0.0146865120471077,8,0,0.0148448769383567,8.6809040346283e-05,0.0147009264575465,0.0147958839148992,0.0148408307245102,0.0149213580756283,0.01494631804256,0,"Test"
0.0149499569607239,7,0,0.0151154378254543,7.14539941020766e-05,0.0150069666786252,0.0150793241077203,0.01512061658092,0.0151469851538608,0.0152278629954727,0,"Test"
0.0152347467402495,8,0,0.015331226092212,4.90717778667876e-05,0.0152372927828382,0.0153076426941603,0.0153339554339255,0.0153711710105342,0.0153856084051014,0,"Test"
0.0154181478617347,8,0,0.0156386647377754,0.000148798164223086,0.0154669570466846,0.0154852900157242,0.0156677791151498,0.0157497944014357,0.015829063101897,0,"Test"
0.0158306324003696,7,0,0.0159380927990723,7.82206414388864e-05,0.0158514816515059,0.0158618986650815,0.0159592994154467,0.0159972473761864,0.0160375764440176,0,"Test"
0.01605122622767,8,0,0.0162157203760024,0.000122934223620941,0.0160560220976019,0.016120615003779,0.0162286335576406,0.0163192523435273,0.0163550695263751,0,"Test"
0.0163861735947676,8,0,0.0165347390728103,8.85709381950434e-05,0.0164309331078202,0.0164573827072695,0.0165246201446288,0.0166189102375811,0.016643580013996,0,"Test"
0.0166504421916907,7,0,0.0167743963326887,3.62416504830426e-05,0.0167293572351798,0.0167540551994135,0.0167691190585662,0.0167885481089884,0.0168370914182711,0,"Test"
0.0168664128402806,8,0,0.0169270757223322,3.70022240279587e-05,0.0168761866476171,0.0168945519546919,0.0169330840804371,0.0169488343610481,0.0169786877853812,0,"Test"
0.0169794504513059,8,0,0.0170808111973576,4.98734196365981e-05,0.0169805036566305,0.0170515033920179,0.0171016425492341,0.0171145529401214,0.0171305153787367,0,"Test"
0.01713128762192,7,0,0.0171843062885485,4.783301711294e-05,0.017139095858551,0.0171611817653275,0.0171718212318547,0.0171853035337976,0.0172862563311835,0,"Test"
0.0173145055196091,8,0,0.0174484594745335,7.83634568883352e-05,0.0173234263159541,0.0174327235452068,0.0174781892062992,0.0174912506395369,0.0175230075970059,0,"Test"
0.0175356420224724,8,0,0.0175926780210113,3.53529076379743e-05,0.0175523899818117,0.0175703481733381,0.0175793628353509,0.0176127910482774,0.0176531506111351,0,"Test"
0.0176572299287269,7,0,0.0177195968400722,2.37535940447726e-05,0.0176939437870535,0.0176986728782549,0.017717810890496,0.0177393592409075,0.0177493589646315,0,"Test"
0.0177758578687821,8,0,0.0179378594754947,7.28293719596367e-05,0.0177837731258661,0.0179212111989532,0.0179444956713072,0.0179817230157012,0.0180214238998688,0,"Test"
0.0180227646829001,8,0,0.0181396065987342,6.41488165939643e-05,0.0180244711340308,0.0181024046147151,0.0181513660166264,0.0181780855177865,0.0182140888994083,0,"Test"
0.0182142418557836,7,0,0.0183400531128594,6.17323297528183e-05,0.0182154794119105,0.0183217355664562,0.0183708811279607,0.018380560797193,0.0183894185228466,0,"Test"
0.0184000992660244,8,0,0.0184964357735171,5.41478840110086e-05,0.018403111783331,0.0184736273775383,0.0185163634314201,0.0185252584177477,0.0185579524592319,0,"Test"
0.0185813398207864,8,0,0.0188053873220975,0.000132821460149524,0.0186099243737974,0.018710283016729,0.0188140985939849,0.0189010020068385,0.0189854134169972,0,"Test"
0.0189869338517924,7,0,0.0190527742997162,3.92574806539448e-05,0.0189980837069578,0.0190195704173084,0.0190744387991616,0.019083822602135,0.0190901115530075,0,"Test"
0.0190903171372653,8,0,0.0192358472090401,7.41840874026018e-05,0.0190903717862452,0.0192059066817159,0.0192510618127519,0.0192870729930967,0.0193201454502543,0,"Test"
0.0193423732476852,8,0,0.0194249276558969,6.37079826634579e-05,0.019368466749017,0.0193744172871515,0.0193920805773045,0.0194872361695648,0.019524912328407,0,"Test"
0.0195356991423137,7,0,0.0196379701713054,3.3271481633294e-05,0.0196078878199967,0.0196115965153655,0.0196194911029122,0.0196623941392823,0.0196904309669335,0,"Test"
0.0197163339097223,8,0,0.0198055703463063,5.89498346122232e-05,0.0197228096454196,0.0197636485731049,0.019812105009815,0.0198452150407641,0.0198822392706242,0,"Test"
0.0199021041851014,8,0,0.0200097943801345,6.18927013086267e-05,0.0199245050461077,0.0199765083833194,0.0199963044544001,0.0200293750646231,0.0201238286274563,0,"Test"
0.0201243030705532,7,0,0.0201804759590447,4.47009284567449e-05,0.0201272175067199,0.0201529352678032,0.0201786637084674,0.0201927787302445,0.0202660225020305,0,"Test"
0.0202698714939178,8,0,0.0204196464399178,0.000101477193845154,0.0202707743438667,0.0203448352405304,0.0204437106768577,0.0204829450008521,0.0205474861425008,0,"Test"
0.020556572681362,8,0,0.0207223813759863,0.000110224539240817,0.0205664164317949,0.0206547925299151,0.020744708541077,0.0207924404541787,0.0208645979530477,0,"Test"
0.0208682089488223,7,0,0.0209477446402985,6.1622589134695e-05,0.0208886712582118,0.0208949465754715,0.0209477762899699,0.0209750825241758,0.0210577067346137,0,"Test"
0.0210578362611087,8,0,0.0211232036685962,4.22245437575188e-05,0.021057864693754,0.0210947233701327,0.0211213518720934,0.0211470678529592,0.0211828128205339,0,"Test"
0.021189063879631,8,0,0.0212394998969008,3.93060041132179e-05,0.0211955700839975,0.0212091342367605,0.0212346644902658,0.0212667916858665,0.0213044974902009,0,"Test"
0.0213064768327625,7,1,0.0214124918544971,8.44960497507883e-05,0.021316868381211,0.0213450047252354,0.0213989059303073,0.021474397082253,0.0215328650549846,0.142857142857143,"Test"
0.0215492944958165,8,1,0.0215932689791713,3.65040165727826e-05,0.021552659562011,0.0215630387992515,0.0215918867871537,0.0216289996033529,0.021631165825578,0.125,"Test"
0.021633119424708,8,0,0.0217486666240179,0.000104415262779996,0.021635073023838,0.0216812109489047,0.0217294561326161,0.0217820439021339,0.0219261136803628,0,"Test"
0.0219357894289965,7,0,0.0220846059462035,5.8464513893118e-05,0.0219830298487961,0.0220593128024201,0.0220858123304943,0.0221339319487269,0.0221369099418398,0,"Test"
0.0221965078550345,8,0,0.022262626663112,5.48612365376629e-05,0.0222078598385001,0.0222139941945087,0.0222553219747615,0.0222977702513251,0.0223574922165308,0,"Test"
0.0223717435746401,8,0,0.0224711935008712,5.842821407365e-05,0.0223854360559609,0.0224425217748751,0.0224602421362011,0.0224934069443204,0.0225747124200804,0,"Test"
0.0225803923768206,7,0,0.0227120540492562,9.30554045241064e-05,0.0226062677353039,0.0226181118962252,0.0227533619701674,0.0227935241291202,0.0228014765886308,0,"Test"
0.0228194827418456,8,1,0.0228887819699237,3.70403224674606e-05,0.0228226602982953,0.0228753357174667,0.0228990801423621,0.022915728959602,0.02292549175345,0.125,"Test"
0.0229296178187283,8,0,0.0230191936497395,7.88145837938801e-05,0.0229334264943697,0.022943820038888,0.023018406091214,0.0230800394999967,0.0231161023129523,0,"Test"
0.0231198732197521,7,0,0.0232980564413965,8.98514536256707e-05,0.0231359491908461,0.0232710580995035,0.0233060645455406,0.0233473193465909,0.0234076264612002,0,"Test"
0.0234142714876387,8,0,0.0235259787474273,8.03654824535833e-05,0.0234153532361286,0.0234736391574657,0.0235004728872046,0.0235899928410079,0.0236350184663509,0,"Test"
0.0236529416690537,8,0,0.0238147416574106,0.000117622637087612,0.023668835829941,0.0237224473706061,0.0237822029547066,0.0239164597345451,0.0239779323388351,0,"Test"
0.0239840283319203,7,0,0.0240528130055466,3.45639251443253e-05,0.024008412304261,0.0240223621071246,0.0240673851841152,0.0240782596616585,0.0240926500128836,0,"Test"
0.0241124239034919,8,1,0.0243394282393718,0.000154295467622677,0.0241153786227782,0.0242241443935042,0.0244075476640422,0.0244601659754574,0.0244764237871831,0.125,"Test"
0.0244853426188491,8,0,0.0246385402373835,0.000102215649681825,0.0244929401421201,0.0245802577137155,0.0246489124835558,0.0246980981823004,0.0247767713790816,0,"Test"
0.0247829245591654,7,0,0.0248779107300995,5.22521153638828e-05,0.0248060722366233,0.0248351231766327,0.0248889493258397,0.0249205886710087,0.0249389298529507,0,"Test"
0.024953034567683,8,0,0.0250810506045462,0.000124943171638036,0.0249549579378737,0.0250078839972879,0.0250316728449709,0.0251205741020281,0.0253276349906117,0,"Test"
0.0253552978253678,8,0,0.0255381295238876,9.34146557995907e-05,0.0253779310538046,0.0254759663001224,0.0255601069150704,0.0256164067318066,0.0256386405414651,0,"Test"
0.0256467370958008,7,1,0.0258515795823576,0.000111654137720392,0.0256754430611729,0.0258056111766372,0.0258569135093945,0.0258928999220605,0.0260316783085403,0.142857142857143,"Test"
0.0260551770155094,8,0,0.0262470117974305,8.80097457086263e-05,0.0260580813500786,0.0262265219123138,0.0262708371719136,0.0263109331253269,0.0263211565307184,0,"Test"
0.0263223087017048,8,0,0.0265010167647374,0.000124669309000698,0.0263232139789084,0.02640812961753,0.0265382196961129,0.0265935943925586,0.0266353231053618,0,"Test"
0.026658185615346,7,0,0.0268567004203049,8.72896852495942e-05,0.0267347253226844,0.0267900480741098,0.0268579807577474,0.0269356997381054,0.0269527012372722,0,"Test"
0.0270252808775989,8,2,0.0271390788237629,7.69170016248054e-05,0.0270333452820797,0.0270801868998095,0.027133378873161,0.027192978441643,0.0272410312306188,0.25,"Test"
0.0273310721119773,8,0,0.0275290445542796,9.0398891968557e-05,0.0273989976891425,0.0274759704867031,0.0275219650374264,0.0276036742012986,0.0276567725401796,0,"Test"
0.027657649949542,7,0,0.0277510654520622,9.36479758473444e-05,0.0276604284125229,0.0276955285833405,0.0277390166398271,0.0277613069465169,0.0279443420523706,0,"Test"
0.0280379429695545,8,0,0.0284688242464523,0.000237999872219983,0.0280472002031221,0.0283099349789045,0.0285112258008793,0.0286505401425792,0.0287614229323776,0,"Test"
0.0287754902454293,8,1,0.0289333376995717,8.88966032595763e-05,0.0287856769203978,0.0289018079282543,0.0289522530040192,0.0289996665748083,0.0290213999941645,0.125,"Test"
0.0290343802993414,7,1,0.0292244120563089,0.000111752105876691,0.029073321214872,0.0291327353306862,0.029237949737518,0.0293201264977887,0.0293538897848223,0.142857142857143,"Test"
0.0294522728899,8,1,0.0296657621881967,0.000176402652903723,0.0294608279425154,0.0295165765498567,0.0296666928826644,0.0298042694023026,0.0298784779240318,0.125,"Test"
0.0299324743030506,8,0,0.0301231672964163,0.000103258834971385,0.0299699972105044,0.0300721641553191,0.0301392348278859,0.030167732903924,0.0302963508832609,0,"Test"
0.0303016392972094,7,0,0.030385922559143,7.0982789790362e-05,0.0303166909369092,0.0303492651955173,0.0303574444587319,0.0303985274026216,0.0305317373220817,0,"Test"
0.0305534338463221,8,3,0.030782165369008,0.000131637469720112,0.0305550669180391,0.0307296362554595,0.0307942286501696,0.0308374270949001,0.0309683003321939,0.375,"Test"
0.0309952794372539,8,0,0.0312460997457135,0.000155679127228201,0.0310132655072939,0.031146395514456,0.0312485361739883,0.0313797615479568,0.0314275387006797,0,"Test"
0.0314600892345183,7,0,0.0319837912284125,0.000279356026367171,0.0315480962334151,0.0318436696196754,0.0319916050990114,0.0321711714815136,0.0323171550640833,0,"Test"
0.0323232098087519,8,0,0.0326497527622334,0.000230537937863424,0.0323235962818159,0.0325272952505196,0.0326189962077063,0.0327578943446125,0.0330064900679454,0,"Test"
0.0330571087046184,8,1,0.0334529243086852,0.000340134736389736,0.0330894714395405,0.0331466398991156,0.033365144267701,0.0338280135166098,0.0338590009664377,0.125,"Test"
0.0338773059513044,7,0,0.0340719480177409,0.00013277131958159,0.0339243759123903,0.0339956902419021,0.0340116931221464,0.03414957192095,0.0342770427639456,0,"Test"
0.0343699988469834,8,0,0.0351159434978659,0.000466662358043478,0.0343748912724065,0.03473255080738,0.035333838334872,0.0354621356129274,0.0355505853071182,0,"Test"
0.0355750704121091,8,2,0.0363533415444731,0.000426835248460066,0.0355900774119422,0.0361545879357874,0.0364353177297397,0.0366298746053834,0.0368426316570799,0.25,"Test"
0.0368821435237267,7,0,0.0375318763624254,0.000417768487053436,0.0369788794731034,0.0371766957963816,0.0376184791983532,0.0378895397412082,0.0379933047903414,0,"Test"
0.0390084481761858,8,0,0.0403554305099054,0.000741657444902074,0.0390507458172626,0.0400695607900231,0.0403487269701825,0.0406590692181729,0.0415914515398112,0,"Test"
0.0424854893801338,8,0,0.0440791349939571,0.000658019907798347,0.043010559222863,0.0437410241889533,0.0440155695165642,0.044531939985931,0.0451102607498757,0,"Test"
0.0456209430622025,7,0,0.0504376390129271,0.00513391357697828,0.046812535124298,0.0472592889608014,0.0483987511128842,0.0512844011755257,0.0607648065806532,0,"Test"
0.0637670760309377,8,0,0.288555847129031,0.0984123122211965,0.0638599297252763,0.278355015881469,0.309317261886092,0.338918752957965,0.38993575810333,0,"Test"
0.429553144156973,8,6,0.709744231055209,0.156758479356904,0.451837923812149,0.69117354918068,0.791538538343056,0.802306766089616,0.807925930067476,0.75,"Test"
0.813860858804276,7,6,0.83702970275375,0.00996415740789672,0.827070861476503,0.830632353310052,0.833329954906567,0.843027915156794,0.851486565959486,0.857142857142857,"Test"
0.85195395237914,8,7,0.857051437814803,0.00404916345373196,0.8519634908775,0.853291418912948,0.858000999490135,0.859618540744279,0.862751206619283,0.875,"Test"
0.86347622466786,8,8,0.868256730665269,0.00305707531977211,0.863866619001709,0.866730070477825,0.868755996545812,0.870162296103889,0.872253515262269,1,"Test"
0.872878651473276,7,4,0.879076369780018,0.00406899402860936,0.874207065921667,0.875551181593717,0.878839392263842,0.882827569237274,0.883730628612639,0.571428571428571,"Test"
0.885398039852347,8,8,0.890353368503386,0.00344133038800046,0.885414882390121,0.887839989211438,0.891249779993759,0.893045060095487,0.894089428428311,1,"Test"
0.894955367201492,8,7,0.902764359060146,0.0058761970249202,0.895401456872525,0.896417851199647,0.904672690138601,0.906915117806275,0.910600129653955,0.875,"Test"
0.910939174994823,8,7,0.923562129036755,0.014175473067755,0.911627539777799,0.913181132050949,0.919568572910042,0.926702169419096,0.952812671425386,0.875,"Test"
0,24,0,0.00109561194591534,0.000120480793107832,0.000785082531114694,0.0010149338562959,0.00112999274310294,0.00119066454648366,0.00122014056707452,0,"Train"
0.00122021645985259,23,0,0.00132691525852158,5.94574372499678e-05,0.00122165842263599,0.00127249186263595,0.00134139081532439,0.00137015591874785,0.00142581858135961,0,"Train"
0.00142657811112671,23,0,0.00151464746431167,4.41997993136501e-05,0.0014334138790306,0.00148171564598275,0.001533288230223,0.00154978903164327,0.00157389402759134,0,"Train"
0.00157446903539492,23,0,0.00164596351854857,5.13586789718511e-05,0.00157772741294858,0.00160029388528584,0.00163525438077862,0.00169402919019058,0.00172179204056512,0,"Train"
0.00172298128907098,23,0,0.00180922142352354,5.34954002405161e-05,0.0017277382830944,0.00176585161692365,0.00180629128347447,0.00185869688404381,0.00189213728427139,0,"Train"
0.00189602723016816,23,0,0.00198539139986455,5.08173768739634e-05,0.00190769706785847,0.00193707245414249,0.00200405282810662,0.002031770992333,0.00205077717648665,0,"Train"
0.00205314019776803,23,0,0.00212842622034532,4.2923040644675e-05,0.00205865391409124,0.00208658151050413,0.00213714017571033,0.00215849799426334,0.00219304435202428,0,"Train"
0.00219529476398046,23,0,0.00244372005575202,0.000163331085915978,0.0021994741004705,0.00231190379656851,0.00239962988136103,0.00261462925474957,0.00271668855504509,0,"Train"
0.0027438811280984,23,0,0.00327320297091673,0.000466081868562686,0.00278466998767837,0.0029821106768345,0.00314374776268481,0.00346421632088702,0.00500211959957193,0,"Train"
0.00596750581578852,23,0,0.010349284415422,0.000808340079319214,0.00714742230227551,0.0102301542507351,0.0105516549040444,0.0107890853883979,0.0109954812671183,0,"Train"
0.0109985611312755,23,0,0.0113516135629649,0.000219955198944189,0.0110016409954328,0.0111200622930585,0.0114122738384578,0.0115470046195482,0.011666874841399,0,"Train"
0.0116825274322595,23,0,0.012003095630734,0.000245321416735418,0.011695334097509,0.0117772360671943,0.011862203482487,0.0122619953723883,0.0123587246146259,0,"Train"
0.0123661121568877,23,0,0.0125973612763012,0.000107862221306798,0.0123710371850623,0.0125030044762489,0.0126237100351729,0.0126725582220062,0.0127509135338541,0,"Train"
0.0127570502741682,23,0,0.0128956629672248,0.000121101884562032,0.0127603546727989,0.0127927586111233,0.0128883540819437,0.0129544508958359,0.0131243588661152,0,"Train"
0.0131312747570239,23,0,0.0133644165779289,0.000159377399484787,0.0131342387102704,0.0132380281603839,0.0133125056321747,0.0135102549529074,0.013609165552393,0,"Train"
0.0136117118093783,23,0,0.0137724518794154,0.00010786165889848,0.0136125605617068,0.0136737488659581,0.0137777917292043,0.0138528348326225,0.0139396275961516,0,"Train"
0.0139598710407116,23,0,0.0141342242526128,9.15368541277171e-05,0.0139649319018515,0.0140494854741086,0.014168758622004,0.0142063171338508,0.0142516423954827,0,"Train"
0.0142542964775224,23,0,0.0143948719349722,0.000104843251812903,0.0142547648449411,0.0142857522239028,0.014384894333773,0.0144815709188741,0.0145707442136796,0,"Train"
0.0145784444505898,23,0,0.0147597858752372,0.000107707886247375,0.0145793000324687,0.0146611355930131,0.0147698645547787,0.0148500974065694,0.0149046939218021,0,"Train"
0.0149051595550253,24,0,0.0150335238777654,7.80873048853998e-05,0.0149051840620371,0.0149784038302266,0.0150352581976928,0.0151049114126353,0.0151500988515787,0,"Train"
0.0151500988515787,23,0,0.0152870776027278,9.22046913840336e-05,0.0151557292119613,0.0152117668477408,0.0152753730186002,0.0153553831998392,0.0154695579177302,0,"Train"
0.0154705021234222,23,0,0.015629828444432,9.23219454379755e-05,0.0154884420315706,0.01553787572887,0.0156594021676501,0.0157078918348486,0.0157465503941771,0,"Train"
0.015746842360144,23,0,0.0158875628141214,7.43151274325734e-05,0.0157494700538462,0.0158349062270365,0.0158914199648206,0.0159525901511353,0.0159743605762221,0,"Train"
0.0159743696951639,23,0,0.0160383063860284,4.02301729594025e-05,0.0159744213691675,0.0160047085606524,0.0160223866183181,0.016066789938556,0.0161151557683783,0,"Train"
0.0161164232687532,23,0,0.0162053376530875,5.48808646282345e-05,0.0161214932702527,0.0161681602990846,0.0161995835688535,0.0162437644351804,0.0163045659094473,0,"Train"
0.0163059007433679,23,0,0.0164573650600441,8.10014094088767e-05,0.0163099052451296,0.0163989798791917,0.016459407481547,0.0165245340105027,0.0165724626228118,0,"Train"
0.0165745395222155,23,0,0.0167180573255772,8.42148225528597e-05,0.016579385620824,0.0166653983281652,0.0167163229561327,0.0167916951906369,0.0168384334797044,0,"Train"
0.0168431044746406,23,0,0.01694128306423,6.16671472575831e-05,0.016851779179522,0.0168895152655228,0.016928575669402,0.0169880878132037,0.0170351354248388,0,"Train"
0.0170407683911747,23,0,0.0171753143643758,7.16312967043278e-05,0.0170492178406785,0.017127446000057,0.0171896439278666,0.0172295437935439,0.0172735784800852,0,"Train"
0.0172741293956205,23,0,0.0173922584041766,7.39569654932028e-05,0.0172748027368301,0.0173234476234671,0.0173876731169753,0.0174560207965809,0.0175234555876194,0,"Train"
0.0175234908331054,23,0,0.0176226095637981,5.90039931128344e-05,0.0175235260785914,0.0175825994022161,0.0176160169857758,0.0176820839422873,0.0177152471296271,0,"Train"
0.0177425287067561,23,0,0.0178541094685049,7.5597657231066e-05,0.0177648499971343,0.0177870278775603,0.0178396476383265,0.0179054614209243,0.0179963029428399,0,"Train"
0.0180149276592371,23,0,0.0180704223040942,3.35743314786933e-05,0.0180273441368353,0.0180441584884095,0.0180706470246825,0.0180943034683753,0.0181454987062786,0,"Train"
0.0181458315391086,23,0,0.0182649136684656,6.39009161143608e-05,0.0181460107567863,0.0182264580216369,0.0182567927351877,0.0183118800362107,0.0183734950591821,0,"Train"
0.0183836655314639,23,0,0.0184642401716309,5.42671069420636e-05,0.0183880243052989,0.0184128578475024,0.0184784253088536,0.0185113659096945,0.0185431625409778,0,"Train"
0.018553511309914,23,0,0.0186664193566098,4.93673540026442e-05,0.0185569608995594,0.0186317641547905,0.0186819849237022,0.0186994125829496,0.0187449653914574,0,"Train"
0.0187566405374925,23,0,0.0188194970513445,3.72057943828749e-05,0.0187595593240013,0.0187872780554012,0.0188218775942222,0.0188492952056097,0.0188787966812552,0,"Train"
0.0188860086440931,23,0,0.0189994336933466,8.1384192148149e-05,0.0188872813434175,0.0189352837918946,0.0189760553109817,0.0190520146102815,0.0191440333473787,0,"Train"
0.0191468687108495,23,0,0.0192526918159303,7.39554439774295e-05,0.0191471837512351,0.0191809747652727,0.0192527178502072,0.0193210603799152,0.0193607846936783,0,"Train"
0.0193704868426019,24,0,0.019417803947859,3.36918367282452e-05,0.0193709974820189,0.019388597936481,0.0194074055780987,0.0194499558648555,0.019478921415249,0,"Train"
0.019478921415249,23,0,0.0195564932085221,4.80920582019627e-05,0.0194797968400899,0.0195283671093011,0.0195564820323744,0.0195769136602223,0.0196480717309687,0,"Train"
0.0196482408516442,23,0,0.0197260271107479,6.25358698752456e-05,0.0196514541444794,0.0196720219689166,0.0197023514912286,0.0197891323481044,0.0198180153034201,0,"Train"
0.0198185440650997,23,0,0.019929525982501,6.93680089578437e-05,0.0198233029202158,0.0198761756900852,0.019925965634623,0.0199824948671859,0.0200385894887009,0,"Train"
0.0200420804244335,23,0,0.0201852420052776,7.68792267553893e-05,0.020061862393585,0.0201429773737817,0.020175261810879,0.0202412998010829,0.0203210634169272,0,"Train"
0.0203226545406666,23,0,0.020412806696377,5.03694256840248e-05,0.0203290190356243,0.0203822055212305,0.0204118107934688,0.0204509775649889,0.0205056055642185,0,"Train"
0.0205077604395087,23,0,0.0206113814395104,6.5588605976595e-05,0.0205142250653794,0.0205424196812591,0.0206208052559026,0.0206669285181794,0.0207136241606412,0,"Train"
0.0207143595259696,23,0,0.0208254636797406,8.59949834906928e-05,0.0207160753784024,0.0207531710940448,0.0208175783677753,0.0208888605991915,0.0209940390448417,0,"Train"
0.0209942929291689,23,0,0.0210603509113797,3.31412882594906e-05,0.0209947644286336,0.0210366592098665,0.0210601236889082,0.0210842634827133,0.0211136759282274,0,"Train"
0.0211146348941876,23,0,0.0212152937183874,5.40345306421377e-05,0.0211160733431278,0.0211727239531228,0.0212020922655649,0.0212571559493186,0.0212949993720091,0,"Train"
0.0212979754142286,23,0,0.0213809988426584,6.08849100010797e-05,0.0213016127991635,0.0213350321413364,0.0213662627253534,0.0214150215240503,0.021495959788062,0,"Train"
0.0215012653425709,23,1,0.0216018722618988,5.48046330879513e-05,0.0215065708970798,0.0215666692343597,0.0216117934766467,0.021646849837488,0.021678980209806,0.0434782608695652,"Train"
0.0216836454368613,23,0,0.0217672335582792,4.30743029586408e-05,0.0216874624408156,0.0217281278313915,0.0217771446296637,0.0218033392410612,0.0218218799696962,0,"Train"
0.0218250094730798,23,0,0.0218865617157668,3.64582964616592e-05,0.0218270958086688,0.0218561701941107,0.0218874565558152,0.0219141220888655,0.0219491456022876,0,"Train"
0.0219499099202751,23,0,0.0220570841329873,5.80232540556871e-05,0.0219503214761145,0.0220212974908728,0.0220627752662552,0.0220942379973329,0.0221578814367831,0,"Train"
0.0221584319555455,23,0,0.0222855443473186,5.84786840914838e-05,0.022158667892158,0.0222504376086305,0.0222875679412284,0.0223310647778434,0.0223660463212014,0,"Train"
0.022368251221922,23,0,0.0224940907179372,6.80268723026046e-05,0.0223689861888289,0.0224440699161912,0.0224877785266309,0.0225315674801215,0.0226177506774754,0,"Train"
0.0226327179078796,23,0,0.0227702617127381,7.61553397995911e-05,0.0226364597154807,0.0227131001606956,0.0228000233120945,0.0228335961479573,0.0228697143674668,0,"Train"
0.0228746973104246,23,0,0.0229937593024254,7.08595998705262e-05,0.0228755766532995,0.0229214035576118,0.0230147664326836,0.0230595110241536,0.0230796468361403,0,"Train"
0.0230826913423255,23,0,0.0232491965256392,9.21717282324909e-05,0.0230830296207905,0.023166090939993,0.023259844962083,0.0233452059549881,0.0233649922127265,0,"Train"
0.0233707529026362,24,0,0.0235074661789585,7.72062889524124e-05,0.023371056096842,0.0234468156229139,0.0234896716531692,0.0235887545485497,0.0236269240392295,0,"Train"
0.0236269240392295,23,0,0.023763335058258,7.31652884010145e-05,0.0236398675024985,0.0237131905689753,0.0237938559628953,0.0238177473173653,0.0238578876935426,0,"Train"
0.0238588455025569,23,0,0.0240022208588972,7.01082483950465e-05,0.02387704387383,0.0239470191865077,0.0240009695294045,0.0240629462073786,0.0240977557522755,0,"Train"
0.0240986460508866,23,0,0.0242161636828812,6.43812947923404e-05,0.0241066587383864,0.0241656472270286,0.0242210432446369,0.0242677936956218,0.0243176857776566,0,"Train"
0.0243188913119455,23,0,0.0244312891338034,8.21422290361809e-05,0.0243257226729159,0.0243573446843229,0.0244226778568685,0.0244741650930401,0.0246104540091959,0,"Train"
0.0246124994666162,23,0,0.0247472219730424,8.50352389828686e-05,0.0246206812962976,0.0246599488725722,0.0247718211414892,0.0248004152966749,0.0248814453282299,0,"Train"
0.0248820857137284,23,0,0.0250531348324736,7.08080281784145e-05,0.0248840068702242,0.0250120337934166,0.0250583305368281,0.0251032536370766,0.0251465108365273,0,"Train"
0.0251470438306846,23,0,0.025281903156484,8.53669094054797e-05,0.0251482874837183,0.0252058245740719,0.0252836502299844,0.0253500212339059,0.0254078956392557,0,"Train"
0.0254188087016738,23,0,0.0255708215421697,8.61034043213729e-05,0.0254390758175932,0.0254877783466707,0.0255783273572316,0.0256494070250844,0.0256892854440931,0,"Train"
0.0256900934405747,23,0,0.0258936220898795,0.000134787900008224,0.0256913054352971,0.0257770759311572,0.0258899854494889,0.0260244148012366,0.0260820064360311,0,"Train"
0.0260823874929877,23,1,0.0262978739112112,0.000116178013669061,0.026082853229268,0.0262018604117317,0.0262709116585318,0.0263936124623986,0.0264785041002422,0.0434782608695652,"Train"
0.0264872808923816,23,0,0.0266174602989326,7.70733835067501e-05,0.026496057684521,0.0265490236415245,0.0266321019189289,0.0266699512457753,0.0267446903379554,0,"Train"
0.0267512509216744,23,0,0.0269907349726292,0.000122133389461152,0.0267566186719899,0.0269174879318368,0.0269919336350737,0.0271029504411075,0.0271423415547067,0,"Train"
0.0271678641536434,23,0,0.0273253549459548,9.98998190293461e-05,0.0271848792196011,0.027240530701678,0.0273132635815785,0.0274158002846229,0.0275004692128488,0,"Train"
0.0275060043399237,23,1,0.0276990822006043,0.000130061150706399,0.027508984792964,0.0276083083029539,0.02766175241514,0.0277911971781871,0.0279409602522556,0.0434782608695652,"Train"
0.0279605382248838,23,0,0.0281804703991108,0.000131726423531849,0.0279689287845815,0.0280789511835806,0.0282171364535776,0.028263479657918,0.0284276893531984,0,"Train"
0.0284360187106333,23,1,0.0286523303525588,0.000117248323569351,0.0284387951631117,0.0285700339155654,0.0286436667589868,0.0287373765254297,0.028858003251212,0.0434782608695652,"Train"
0.0288618206360047,23,0,0.029077103881189,0.000150862465379251,0.0288627749822028,0.0289492996074753,0.0290742756571148,0.0292247343923266,0.0292913005965009,0,"Train"
0.0292928448141255,23,0,0.0296004893325473,0.00019223532946323,0.029293117323118,0.0294345723137446,0.0295910562039235,0.0297669403009047,0.0298448095507274,0,"Train"
0.0298540145721057,23,0,0.0299965350016745,0.000121777230889244,0.0298550373522588,0.0298895811199651,0.0299734553458106,0.0300914935141311,0.0302398704443976,0,"Train"
0.0302642642365277,24,0,0.0305945725256522,0.000203125784866107,0.030265548120324,0.0304362981200503,0.0306036567276942,0.0308040839920594,0.0309044309240905,0,"Train"
0.0309044309240905,23,0,0.0311498808846714,0.000157019671815062,0.0309142210922942,0.0310150256504676,0.031150168478908,0.0312502665275907,0.0314330319288647,0,"Train"
0.0314355604937806,23,1,0.0318685610787699,0.000242371853216642,0.0314836032271833,0.0316342409458265,0.0318896927786634,0.0320764033517492,0.0322742920801493,0.0434782608695652,"Train"
0.0322750911560604,23,1,0.0326793340747468,0.000283831121133776,0.0322822828392609,0.0324209102212077,0.0327259190711321,0.0328860770202851,0.0331420234763829,0.0434782608695652,"Train"
0.0331511315276367,23,0,0.0335968122130656,0.000264376099287723,0.0332027438180746,0.0333545097425512,0.0335661470466145,0.0337692528219494,0.0341508537012636,0,"Train"
0.0341803180095379,23,3,0.0348114157872375,0.00028738955536015,0.034298175242635,0.034644877002797,0.0347938169220832,0.0350751792806103,0.0351865184095485,0.130434782608696,"Train"
0.035191560164666,23,1,0.0356092418295607,0.000339804327305489,0.0352066854300185,0.0352926951970931,0.0354876452905034,0.0359341979344438,0.0361458471985418,0.0434782608695652,"Train"
0.0361574751081984,23,1,0.0368236222856766,0.000483046674971949,0.0361846068973972,0.0363707153387828,0.0367785321041158,0.037190901909407,0.0376261883055742,0.0434782608695652,"Train"
0.0376667184015304,23,2,0.0392422588494651,0.000727184585641072,0.0377419885797349,0.0387066799883689,0.0394056018846325,0.0396304007785555,0.0403364896808038,0.0869565217391304,"Train"
0.0403425850748853,23,7,0.0413549167314398,0.000765990660217369,0.0403517281660076,0.0407390784633757,0.0411305199078802,0.0419060549019736,0.0428047595848181,0.304347826086957,"Train"
0.0428059392491255,23,5,0.044842404714626,0.00119297269915049,0.0428073810610568,0.0437886096838731,0.0450717863747037,0.0458155557353638,0.0464809133483379,0.217391304347826,"Train"
0.0465051738147174,23,10,0.0514826471881418,0.00411189854389045,0.0465294342810969,0.0487603294260184,0.0506958208523741,0.0533154057745698,0.0594744052234779,0.434782608695652,"Train"
0.060399967302257,23,2,0.272404953730602,0.0986379045582642,0.061157245366712,0.278653298867447,0.296628387519242,0.326680451558524,0.37587767478755,0.0869565217391304,"Train"
0.405965239182072,23,15,0.785222798602239,0.0851499648044581,0.426023615445094,0.785294655355072,0.807144453924196,0.824039860658105,0.840102619853633,0.652173913043478,"Train"
0.843515376657591,23,22,0.853350417409593,0.00377731750365046,0.845353014936645,0.850901193185331,0.853676786014633,0.856012854752541,0.858894674277979,0.956521739130435,"Train"
0.858995663726051,23,23,0.86731231766208,0.00404818505274823,0.859038944918082,0.865419331511918,0.867598555819255,0.8709832951067,0.872350586699094,1,"Train"
0.874503513351775,23,22,0.880783467788132,0.00290711519801626,0.875221155569335,0.879147517860094,0.880613634460115,0.883033490177843,0.884907915842897,0.956521739130435,"Train"
0.884983090468412,23,23,0.890352098935358,0.00256592720670876,0.885001884124791,0.888307240464404,0.890377062910798,0.892423962257628,0.894082548346827,1,"Train"
0.894090362461961,23,23,0.898432056590328,0.00281927309008647,0.894091741423455,0.896205343454163,0.898428428137224,0.900558651238824,0.903211986725676,1,"Train"
0.903770176268053,23,23,0.909455631363714,0.00344457657368518,0.903832197328317,0.906717336895044,0.91002004515919,0.911366301365059,0.915581114950636,1,"Train"
0.916372357821856,24,24,0.927687695033784,0.00710922746333461,0.916414002183499,0.922846437664331,0.92559103302518,0.932850678975069,0.93919197350753,1,"Train"
0,24,0,0.00318713781183806,0.00028875675068598,0.00252022533341744,0.00307274932225011,0.00318486292176897,0.00341474047382505,0.00354793564478405,0,"CV"
0.00354891731218373,23,0,0.00377188214455354,0.000130843909942032,0.00356756899277765,0.00366777000983884,0.00376762800246405,0.00389564174042633,0.00394873342360348,0,"CV"
0.00394944359180386,23,0,0.004122374625401,0.000102723520265147,0.0039558351056073,0.00402612317352226,0.00411784917967524,0.00420541992348968,0.00427563289754715,0,"CV"
0.00427967821064382,23,0,0.00440863479386113,5.54097922175246e-05,0.00430260165152492,0.00437144996567495,0.0044227228067699,0.00445662772182878,0.00448251796666707,0,"CV"
0.00448693696448164,23,0,0.00462689940174277,8.2388152293685e-05,0.0045046129557399,0.00455613403072944,0.00460551780865134,0.00469344758137635,0.00476824475230334,0,"CV"
0.00476912993164271,23,0,0.00491511897451243,0.000100064367148803,0.00477178546966083,0.00480921333898627,0.0049332867411909,0.00499222805632227,0.00506878334654423,0,"CV"
0.0050728445395419,23,0,0.00525096941612184,8.60569272379002e-05,0.00508232065653646,0.00519248641550847,0.00524685672082998,0.0053078788626996,0.00537599761036981,0,"CV"
0.00537848832730832,23,0,0.00569917456035603,0.000217941870629194,0.00538311394447985,0.00552473411685526,0.0056303775495675,0.00586006596608409,0.00612546365808752,0,"CV"
0.00614843470686926,23,0,0.00680927173994638,0.000502518894839828,0.00618289128004187,0.0063758864568641,0.00673224978929622,0.00711683643176602,0.00770913575033572,0,"CV"
0.00953042532044637,23,0,0.0131754658143283,0.000655490736189299,0.0117564459061373,0.0128597468917052,0.0131847383069821,0.0137028973813261,0.0142259534653862,0,"CV"
0.0142904173943859,23,1,0.0147790664024566,0.000272352944813815,0.0143548813233857,0.0145915320692526,0.01476187542304,0.0150001277104222,0.0152182711602731,0.0434782608695652,"CV"
0.0152851039211443,23,0,0.0157187282005784,0.000264049799441369,0.0153397852709479,0.0154806060251646,0.0157162088361033,0.0159463651164297,0.0160774609500945,0,"CV"
0.0160837374054623,23,0,0.0164239108366864,0.000208353801742438,0.0160879217090408,0.0162709673908864,0.0164449679764292,0.0165790216913812,0.0167733629584189,0,"CV"
0.01680211370182,23,2,0.0170209600785419,0.000107193055076775,0.0168175948713437,0.0169551505449783,0.0169803175924166,0.0171134160714301,0.0171897053545597,0.0869565217391304,"CV"
0.0172106366343445,23,1,0.0173272872855069,6.81898990278333e-05,0.0172196071828237,0.017272386841745,0.0173360649847195,0.0173969965912529,0.0174285129563773,0.0434782608695652,"CV"
0.0174310822285361,23,1,0.0176805108393945,0.000134550581160795,0.0174319386525891,0.0175618699769686,0.0176917038869754,0.017806205677724,0.0178587958741239,0.0434782608695652,"CV"
0.0178778094192182,23,1,0.0180678835613015,0.000104603011999678,0.0178825628054917,0.0180150965388835,0.0180647398994522,0.0181605538822673,0.0182219348174285,0.0434782608695652,"CV"
0.0182307206864516,23,2,0.0183546561840367,7.08060674472515e-05,0.0182322711339262,0.01828193421779,0.0183737849586581,0.0184045204733385,0.0184627362244028,0.0869565217391304,"CV"
0.0184828362380222,23,0,0.0185860943808057,5.88254326285152e-05,0.0184850695728688,0.0185429825921766,0.0185763750097958,0.0186264199575207,0.0186738450524536,0,"CV"
0.0186916216792779,24,0,0.0187924639050216,5.80319514692198e-05,0.0186925572912161,0.0187528707972978,0.0187758255711892,0.0188358403831441,0.0188915509658854,0,"CV"
0.0188915509658854,23,1,0.019020113108594,7.03552153917625e-05,0.0188931847709963,0.0189677064666131,0.0190253713621246,0.0190617829906039,0.0191607709775417,0.0434782608695652,"CV"
0.0191610410600316,23,0,0.0192173195596409,3.86164542749084e-05,0.0191661726273389,0.0191831094221026,0.0192038714454978,0.0192465931519674,0.0192752035327513,0,"CV"
0.019275752147843,23,0,0.0194311942573085,7.47401625331078e-05,0.019280689683669,0.0193791857424305,0.0194370092895859,0.0194833867959667,0.0195265756187114,0,"CV"
0.0195271107331654,23,1,0.0196217164362886,7.35054781162567e-05,0.019530143048405,0.0195477393015235,0.0196120333305521,0.0196909294017364,0.0197291464548264,0.0434782608695652,"CV"
0.0197348259666273,23,0,0.0198789623481337,5.09797302903603e-05,0.019757544013831,0.0198371795355208,0.0198879032695488,0.0199107239239641,0.0199514097623319,0,"CV"
0.0199531841788266,23,0,0.0200253283597892,4.4390680463941e-05,0.0199585074283109,0.0199860728899022,0.020029050800299,0.0200612389309156,0.0200960396140726,0,"CV"
0.0200969105867407,23,0,0.0201853927510854,6.49438393095928e-05,0.0200989428562997,0.0201200337803192,0.0201905483444298,0.0202367779583065,0.0202988278847436,0,"CV"
0.0202991590738092,23,1,0.020396464946794,6.6694852511149e-05,0.0202997741392168,0.0203322863117312,0.0204050642293488,0.0204564079826866,0.0204931062355559,0.0434782608695652,"CV"
0.0204936393869926,23,0,0.0205485842163345,3.894538084631e-05,0.0204944391141477,0.0205128981221608,0.0205517292398556,0.0205802126579204,0.0206086321945654,0,"CV"
0.0206155308000126,23,0,0.0206867942349814,3.76512043857806e-05,0.0206239624288925,0.0206595080582888,0.0206749854821114,0.0207131942920377,0.0207572350873918,0,"CV"
0.0207588079260494,23,0,0.0208172052654207,3.61738138653719e-05,0.020760380764707,0.0207894595174681,0.0208204355193042,0.0208479552662078,0.020871354690966,0,"CV"
0.02087158564646,23,0,0.0209306021072074,3.23081650445453e-05,0.0208717746100459,0.0209177246047372,0.0209354268380079,0.0209586977527018,0.0209745658744072,0,"CV"
0.0209750252096321,23,0,0.0210225404711404,3.07733868705754e-05,0.0209753314331153,0.0210021882859266,0.0210142820884169,0.0210532439555787,0.0210702016600963,0,"CV"
0.0210772005913892,23,0,0.0211466057459534,4.01425266869342e-05,0.0210809692467008,0.0211168313469105,0.0211552132935201,0.0211760677910423,0.0212124414334498,0,"CV"
0.0212131564052898,23,0,0.021256123471191,3.82084718525448e-05,0.0212134628217926,0.0212234789333542,0.0212456754895349,0.0212950176646717,0.0213289282041747,0,"CV"
0.0213402275209398,23,0,0.021427539610659,5.43565844636384e-05,0.0213439939598615,0.0213820193845673,0.0214158223811792,0.0214718069320426,0.0215125778040371,0,"CV"
0.0215126465286223,23,2,0.021575800090592,4.12765553191747e-05,0.0215126637097686,0.021539659697669,0.0215771790889755,0.0216099914661008,0.0216518925284314,0.0869565217391304,"CV"
0.0216663634410959,23,0,0.0217413955079736,5.19741336941958e-05,0.0216689171315661,0.0216915796792601,0.0217424844933909,0.0217903558344886,0.0218111497325264,0,"CV"
0.0218127861567327,23,1,0.0218580181903187,2.89181915138679e-05,0.0218129679816446,0.0218352980764866,0.0218579049929764,0.0218670021714329,0.0219152021042959,0.0434782608695652,"CV"
0.0219166729512055,24,1,0.0219980605144341,5.40585714089926e-05,0.0219167503642007,0.0219570221984785,0.0219814123592731,0.0220386961005636,0.0221096524615216,0.0416666666666667,"CV"
0.0221096524615216,23,1,0.0221807635136885,5.56543812604358e-05,0.0221107091588152,0.0221331424116544,0.0221695218704635,0.0222251086812977,0.0222735535375532,0.0434782608695652,"CV"
0.02227357349752,23,0,0.0223300687419938,4.00851110480288e-05,0.0222739527368876,0.0222989213045755,0.0223217665793248,0.0223591629004943,0.0223917761672726,0,"CV"
0.0223918404605286,23,0,0.0224590348495571,4.65457784468618e-05,0.0223924190998323,0.0224195017597602,0.0224543861326285,0.0224804809652814,0.0225451764318893,0,"CV"
0.0225453889252192,23,0,0.022640501038767,5.70451667678297e-05,0.0225465930540884,0.022599835211096,0.0226369894255534,0.0226859689175012,0.0227231172143359,0,"CV"
0.0227260380295172,23,0,0.0228190273559337,3.71695587525871e-05,0.0227377212902423,0.0227897049631229,0.0228182093864194,0.0228473962201383,0.0228715735415129,0,"CV"
0.0228783792400312,23,0,0.0229851165131345,4.90874269155316e-05,0.0228987963355861,0.0229468904593543,0.0229849634674692,0.0230294793822787,0.0230589427165583,0,"CV"
0.0230612824943851,23,1,0.0231349575467188,3.47148962662452e-05,0.0230667419759811,0.0231083731757741,0.0231335596767991,0.023156663628993,0.0232005263194333,0.0434782608695652,"CV"
0.0232047326312989,23,1,0.0232791560003818,4.48283136331752e-05,0.0232125443533349,0.0232417962773063,0.0232793550757594,0.0233226703006773,0.0233362279664697,0.0434782608695652,"CV"
0.0233362952888887,23,0,0.02344996313384,7.58654231398069e-05,0.0233363962725173,0.0233867727883812,0.0234591324331693,0.0235087722698752,0.0235753629280302,0,"CV"
0.0235831896074718,23,0,0.0236402610773209,4.13394198202119e-05,0.0235927555490114,0.0235968049750789,0.0236504623316647,0.0236698561432065,0.0237066154494765,0,"CV"
0.0237126384457463,23,0,0.0237745274662615,4.02181917493309e-05,0.023718661442016,0.0237356158880229,0.0237806534102846,0.0238056835460258,0.0238402509289569,0,"CV"
0.0238474296940114,23,0,0.0238860809555248,1.87146011690222e-05,0.0238533032290561,0.0238686016355589,0.0238887060295839,0.0239024394612412,0.023917778812673,0,"CV"
0.0239203375761304,23,0,0.0239761245168473,4.07468429207408e-05,0.0239220434184354,0.0239441800504483,0.0239728451206228,0.0240094535073206,0.0240476398557474,0,"CV"
0.024049491371418,23,0,0.0241235887128013,4.53002649058856e-05,0.0240504883413944,0.0240867671772869,0.0241459307080023,0.0241631927310046,0.0241775393454629,0,"CV"
0.0241821768344518,23,0,0.0242894320535168,6.40026854786789e-05,0.0241841643297328,0.0242438051514047,0.0242971355696647,0.0243381863237493,0.0244082712493099,0,"CV"
0.0244088616985593,23,1,0.024457204339236,3.31921394661543e-05,0.0244090585149758,0.0244296189120671,0.0244531892959601,0.0244825356539774,0.0245193487843989,0.0434782608695652,"CV"
0.0245316098986513,23,0,0.0245823307919784,4.30312759985766e-05,0.0245346751772144,0.0245496340124946,0.0245647832806073,0.0246335479769426,0.0246514436647592,0,"CV"
0.0246568447230777,23,0,0.024724190872926,4.36251555375904e-05,0.0246577978510162,0.0246940825986952,0.0247232028437618,0.0247596060834192,0.0248058395229294,0,"CV"
0.0248072215947673,23,1,0.0248841894711656,6.14242440334245e-05,0.0248073751583048,0.0248375860122217,0.0248623164726031,0.024925396335015,0.0249982062492108,0.0434782608695652,"CV"
0.0249996695402574,24,0,0.0251405421026297,6.75322136854125e-05,0.0249997465555756,0.0250927198912891,0.0251518858899798,0.0252007820973108,0.0252239092328054,0,"CV"
0.0252239092328054,23,0,0.025301340532583,3.45726287776341e-05,0.0252378251790964,0.0252720870328115,0.0253077487316545,0.0253336973401996,0.0253516432571358,0,"CV"
0.0253519622494121,23,1,0.0254163337493189,3.5152896626429e-05,0.0253580231026616,0.0254020674236259,0.0254129991687594,0.025430074153649,0.0254848998234788,0.0434782608695652,"CV"
0.0254851019672664,23,0,0.0256062928316817,6.47958734315596e-05,0.0254869212613556,0.0255577920973913,0.0256051113568607,0.0256627642815987,0.0257110532151129,0,"CV"
0.0257112649083403,23,0,0.025773217774691,3.9355790506703e-05,0.0257124645032955,0.0257395693361848,0.0257819587911772,0.0258077095633941,0.0258361935925981,0,"CV"
0.0258364078865982,23,0,0.0259114554861437,4.25716096167647e-05,0.0258372650625986,0.0258869064335464,0.0258981721535866,0.0259499114693033,0.0259803978400711,0,"CV"
0.0259836013782756,23,0,0.0260673407364766,4.82896085858695e-05,0.0259932119928891,0.0260298794737213,0.0260719818983396,0.0260880506185256,0.0261750091369451,0,"CV"
0.0261751238177125,23,1,0.0262838056839281,6.65561725499593e-05,0.0261753914061697,0.0262349461728881,0.0262719679479152,0.0263487190131462,0.0263740225039388,0.0434782608695652,"CV"
0.0263774382629684,23,1,0.0264513085171653,4.31935497668474e-05,0.0263837818154519,0.0264163632276843,0.0264489804919721,0.026490021107438,0.0265241941017181,0.0434782608695652,"CV"
0.0265294210288346,23,1,0.0266089667172942,4.99807226343717e-05,0.0265372614195095,0.0265669888326326,0.0266068490401882,0.0266455260260877,0.0267111515300339,0.0434782608695652,"CV"
0.0267163851443491,23,0,0.0268367557670777,6.77574223109599e-05,0.0267227817840677,0.0267942394399465,0.026825469311556,0.0268996337398786,0.026940004763605,0,"CV"
0.0269420329857675,23,0,0.0270358992051958,6.38753647185732e-05,0.0269440612079301,0.026980808620912,0.0270216691716468,0.027090817411657,0.0271415473096264,0,"CV"
0.0271484688542301,23,2,0.0272567735173264,7.90903735309345e-05,0.0271541319361785,0.027175054567447,0.027237172882214,0.0273385495371433,0.0273652269735834,0.0869565217391304,"CV"
0.0273741395931913,23,0,0.0274854476547468,6.21527424494542e-05,0.0273800813395966,0.0274426888563128,0.0274807887151252,0.0275332540597602,0.0275839724226797,0,"CV"
0.0275853008513688,23,2,0.0277302627379519,6.27634289104295e-05,0.0275860161591244,0.0277101457948931,0.0277369814537576,0.0277664491223968,0.0278434625234218,0.0869565217391304,"CV"
0.0278462258482095,23,0,0.0279556822704367,6.45540531562904e-05,0.0278474101302614,0.0279045607092392,0.0279556644776353,0.027999849799951,0.0280679520337399,0,"CV"
0.0280770504586772,23,1,0.0282152603855382,8.0932497789832e-05,0.0280800832669896,0.0281444896271723,0.0282118634340927,0.0282848332686526,0.0283230362864334,0.0434782608695652,"CV"
0.0283256001436494,23,2,0.0284446279124862,7.36614187814148e-05,0.0283262411079534,0.0283871514777863,0.0284397990380025,0.0285022861635732,0.0285553499357591,0.0869565217391304,"CV"
0.0285650125791838,23,1,0.0287364344396082,0.000110861474480558,0.0285667177515529,0.028641691944332,0.0287458721298272,0.0288261567085495,0.0289363353595959,0.0434782608695652,"CV"
0.0289483374347561,23,2,0.0291420754841037,0.00011196821247722,0.0289496709986628,0.0290551903635048,0.0291255598134732,0.0292469315981022,0.029321166970639,0.0869565217391304,"CV"
0.0293894462206578,24,0,0.0296268313400353,0.00014115562501149,0.0293930398653957,0.0295023983179595,0.0296296780687797,0.0297338213741676,0.029865580772646,0,"CV"
0.029865580772646,23,0,0.0301056003584492,0.00016680557135094,0.0298722863115409,0.0299614543956392,0.030068968055695,0.0302482238804265,0.0303846587027564,0,"CV"
0.0303857585010682,23,1,0.0305838942022917,0.000120277786302542,0.0304066546689926,0.0304827469477055,0.0305674871103851,0.0306918660274234,0.0307667951171357,0.0434782608695652,"CV"
0.0307667951171357,23,1,0.0309884973204998,0.000135278599322941,0.0307667951171359,0.0308717974320105,0.030987029565751,0.0310854783707042,0.0312479380254747,0.0434782608695652,"CV"
0.0312484214912553,23,0,0.0314862739480619,0.000142199043831958,0.0312511611306786,0.0313856000231841,0.0314555423136378,0.0315897909518163,0.0317062570802657,0,"CV"
0.0317065966898547,23,0,0.0320983073563066,0.000257820017142397,0.0317079551282107,0.0318692287531428,0.0321542653596,0.0323165490343203,0.0324762854734879,0,"CV"
0.0324800493038109,23,0,0.0327416542130595,0.000210471158249537,0.03249134079478,0.032577820522261,0.0326980798140243,0.032896312900541,0.0331712373650969,0,"CV"
0.0332144116220471,23,0,0.0337383108430194,0.000343137064687831,0.0333151515549309,0.0334052839871992,0.0336996058832681,0.0340001470222978,0.03432623314384,0,"CV"
0.0343582084095484,23,1,0.0349736237449535,0.000509855180578582,0.034417591045864,0.0345007848714725,0.0348121443636339,0.0354697678345949,0.0358277732897178,0.0434782608695652,"CV"
0.0358833774993183,23,0,0.0372478610552771,0.000877865084192934,0.0359667838137191,0.0366839335117495,0.0371635406200079,0.0379175079910597,0.0386613188435711,0,"CV"
0.0387245398883678,23,0,0.0401525660512856,0.000994127496835309,0.0388018100542304,0.0392860098614695,0.0401204754136107,0.040938661087474,0.0419279979615766,0,"CV"
0.0419279979615769,23,0,0.0457824331515443,0.00229924791839679,0.0419279979615773,0.0440591957603592,0.0452848058520129,0.047455348776994,0.0501096622322977,0,"CV"
0.0501777508255086,23,0,0.425139417664793,0.179520925094697,0.0502334596744992,0.431679763019709,0.509641329167525,0.521910474098014,0.567453268793279,0,"CV"
0.56805585478165,23,21,0.778969407148397,0.0487859184115892,0.568457578773897,0.779914628444171,0.792486143743092,0.799520613752505,0.806808619184726,0.91304347826087,"CV"
0.807235208900497,23,20,0.8160385433284,0.00389478811138026,0.807464911055144,0.813226580323923,0.815858121582359,0.819926905278987,0.821234715563678,0.869565217391304,"CV"
0.821354478486402,23,23,0.826670879120965,0.00264832401630475,0.821405805453284,0.825501590704812,0.827120119667189,0.82852409126318,0.830283414930783,1,"CV"
0.830436971001703,23,21,0.834336405782334,0.00303922444992312,0.830488156358676,0.832166596940943,0.833055156682627,0.837141080707674,0.839092111543801,0.91304347826087,"CV"
0.839795559864999,23,22,0.844293891569889,0.00249996988233289,0.839971421945299,0.842374250617691,0.845196169618436,0.846134314794153,0.848269504871126,0.956521739130435,"CV"
0.848712291637738,23,23,0.85234556517756,0.00243546984522234,0.848790430478905,0.849975031915626,0.851921073107023,0.854582526644241,0.855951891963238,1,"CV"
0.855968746836064,23,23,0.86306338836884,0.00402417689178415,0.855970619599712,0.859257302651124,0.863327903052966,0.865748559195542,0.868990477452228,1,"CV"
0.869060170137945,24,22,0.885301164165974,0.01341022897212,0.869063838174036,0.875701470693617,0.879633315654037,0.891177788614345,0.913040690433254,0.916666666666667,"CV"
